<?xml version="1.0" encoding="UTF-8"?>
<rss version="2.0" xmlns:atom="http://www.w3.org/2005/Atom" xmlns:dc="http://purl.org/dc/elements/1.1/">
	<channel>
		<title>Kiko Plus</title>
		<link>http://localhost:4000</link>
		<atom:link href="http://localhost:4000/feed.xml" rel="self" type="application/rss+xml" />
		
			<item>
				<title>A Full and Comprehensive Style Test</title>
				<description>&lt;p&gt;Below is just about everything you’ll need to style in the theme. Check the source code to see the many embedded elements within paragraphs.&lt;/p&gt;

&lt;h1 id=&quot;body-text&quot;&gt;Body text&lt;/h1&gt;

&lt;hr /&gt;

&lt;h1 id=&quot;heading-1&quot;&gt;Heading 1&lt;/h1&gt;

&lt;h2 id=&quot;heading-2&quot;&gt;Heading 2&lt;/h2&gt;

&lt;h3 id=&quot;heading-3&quot;&gt;Heading 3&lt;/h3&gt;

&lt;h4 id=&quot;heading-4&quot;&gt;Heading 4&lt;/h4&gt;

&lt;h5 id=&quot;heading-5&quot;&gt;Heading 5&lt;/h5&gt;

&lt;h6 id=&quot;heading-6&quot;&gt;Heading 6&lt;/h6&gt;

&lt;p&gt;Lorem ipsum dolor sit amet, &lt;a href=&quot;#&quot;&gt;test link&lt;/a&gt; adipiscing elit. &lt;strong&gt;This is strong.&lt;/strong&gt; Nullam dignissim convallis est. Quisque aliquam. &lt;em&gt;This is emphasized.&lt;/em&gt; Donec faucibus. Nunc iaculis suscipit dui. 5&lt;sup&gt;3&lt;/sup&gt; = 125. Water is H&lt;sub&gt;2&lt;/sub&gt;O. Nam sit amet sem. Aliquam libero nisi, imperdiet at, tincidunt nec, gravida vehicula, nisl. &lt;u&gt;Underline&lt;/u&gt;. Maecenas ornare tortor. Donec sed tellus eget &lt;code class=&quot;highlighter-rouge&quot;&gt;COPY filename&lt;/code&gt; sapien fringilla nonummy. Mauris a ante. Suspendisse quam sem, consequat at, &lt;del&gt;Dinner’s at 5:00.&lt;/del&gt; commodo vitae, feugiat in, nunc. Morbi imperdiet augue &lt;mark&gt;mark element&lt;/mark&gt; quis tellus.&lt;/p&gt;

&lt;h1 id=&quot;images&quot;&gt;Images&lt;/h1&gt;

&lt;p&gt;&lt;img src=&quot;http://placehold.it/800x400&quot; alt=&quot;Large example image&quot; title=&quot;Large example image&quot; /&gt;
&lt;img src=&quot;http://placehold.it/400x200&quot; alt=&quot;Medium example image&quot; title=&quot;Medium example image&quot; /&gt;
&lt;img src=&quot;http://placehold.it/200x200&quot; alt=&quot;Small example image&quot; title=&quot;Small example image&quot; /&gt;&lt;/p&gt;

&lt;h1 id=&quot;blockquotes&quot;&gt;Blockquotes&lt;/h1&gt;

&lt;blockquote&gt;
  &lt;p&gt;Lorem ipsum dolor sit amet, test link adipiscing elit. Nullam dignissim convallis est. Quisque aliquam.&lt;/p&gt;
&lt;/blockquote&gt;

&lt;h1 id=&quot;list-types&quot;&gt;List Types&lt;/h1&gt;

&lt;h3 id=&quot;ordered-lists&quot;&gt;Ordered Lists&lt;/h3&gt;

&lt;ol&gt;
  &lt;li&gt;Item one
    &lt;ol&gt;
      &lt;li&gt;sub item one&lt;/li&gt;
      &lt;li&gt;sub item two&lt;/li&gt;
      &lt;li&gt;sub item three&lt;/li&gt;
    &lt;/ol&gt;
  &lt;/li&gt;
  &lt;li&gt;Item two&lt;/li&gt;
&lt;/ol&gt;

&lt;h3 id=&quot;unordered-lists&quot;&gt;Unordered Lists&lt;/h3&gt;

&lt;ul&gt;
  &lt;li&gt;Item one
    &lt;ul&gt;
      &lt;li&gt;sub item one&lt;/li&gt;
      &lt;li&gt;sub item two&lt;/li&gt;
      &lt;li&gt;sub item three&lt;/li&gt;
    &lt;/ul&gt;
  &lt;/li&gt;
  &lt;li&gt;Item two&lt;/li&gt;
  &lt;li&gt;Item three&lt;/li&gt;
&lt;/ul&gt;

&lt;h3 id=&quot;definition-lists&quot;&gt;Definition Lists&lt;/h3&gt;

&lt;dl&gt;
  &lt;dt&gt;kramdown&lt;/dt&gt;
  &lt;dd&gt;A Markdown-superset converter&lt;/dd&gt;
  &lt;dt&gt;Maruku&lt;/dt&gt;
  &lt;dd&gt;Another Markdown-superset converter&lt;/dd&gt;
&lt;/dl&gt;

&lt;h1 id=&quot;tables&quot;&gt;Tables&lt;/h1&gt;

&lt;table&gt;
  &lt;thead&gt;
    &lt;tr&gt;
      &lt;th style=&quot;text-align: left&quot;&gt;Header1&lt;/th&gt;
      &lt;th style=&quot;text-align: center&quot;&gt;Header2&lt;/th&gt;
      &lt;th style=&quot;text-align: right&quot;&gt;Header3&lt;/th&gt;
    &lt;/tr&gt;
  &lt;/thead&gt;
  &lt;tbody&gt;
    &lt;tr&gt;
      &lt;td style=&quot;text-align: left&quot;&gt;cell1&lt;/td&gt;
      &lt;td style=&quot;text-align: center&quot;&gt;cell2&lt;/td&gt;
      &lt;td style=&quot;text-align: right&quot;&gt;cell3&lt;/td&gt;
    &lt;/tr&gt;
    &lt;tr&gt;
      &lt;td style=&quot;text-align: left&quot;&gt;cell4&lt;/td&gt;
      &lt;td style=&quot;text-align: center&quot;&gt;cell5&lt;/td&gt;
      &lt;td style=&quot;text-align: right&quot;&gt;cell6&lt;/td&gt;
    &lt;/tr&gt;
  &lt;/tbody&gt;
  &lt;tbody&gt;
    &lt;tr&gt;
      &lt;td style=&quot;text-align: left&quot;&gt;cell1&lt;/td&gt;
      &lt;td style=&quot;text-align: center&quot;&gt;cell2&lt;/td&gt;
      &lt;td style=&quot;text-align: right&quot;&gt;cell3&lt;/td&gt;
    &lt;/tr&gt;
    &lt;tr&gt;
      &lt;td style=&quot;text-align: left&quot;&gt;cell4&lt;/td&gt;
      &lt;td style=&quot;text-align: center&quot;&gt;cell5&lt;/td&gt;
      &lt;td style=&quot;text-align: right&quot;&gt;cell6&lt;/td&gt;
    &lt;/tr&gt;
  &lt;/tbody&gt;
  &lt;tfoot&gt;
    &lt;tr&gt;
      &lt;td style=&quot;text-align: left&quot;&gt;Foot1&lt;/td&gt;
      &lt;td style=&quot;text-align: center&quot;&gt;Foot2&lt;/td&gt;
      &lt;td style=&quot;text-align: right&quot;&gt;Foot3&lt;/td&gt;
    &lt;/tr&gt;
  &lt;/tfoot&gt;
&lt;/table&gt;

&lt;h1 id=&quot;code-snippets&quot;&gt;Code Snippets&lt;/h1&gt;

&lt;p&gt;Syntax highlighting via Rouge&lt;/p&gt;

&lt;div class=&quot;language-css highlighter-rouge&quot;&gt;&lt;pre class=&quot;highlight&quot;&gt;&lt;code&gt;&lt;span class=&quot;nf&quot;&gt;#container&lt;/span&gt; &lt;span class=&quot;p&quot;&gt;{&lt;/span&gt;
  &lt;span class=&quot;nl&quot;&gt;float&lt;/span&gt;&lt;span class=&quot;p&quot;&gt;:&lt;/span&gt; &lt;span class=&quot;nb&quot;&gt;left&lt;/span&gt;&lt;span class=&quot;p&quot;&gt;;&lt;/span&gt;
  &lt;span class=&quot;nl&quot;&gt;margin&lt;/span&gt;&lt;span class=&quot;p&quot;&gt;:&lt;/span&gt; &lt;span class=&quot;m&quot;&gt;0&lt;/span&gt; &lt;span class=&quot;m&quot;&gt;-240px&lt;/span&gt; &lt;span class=&quot;m&quot;&gt;0&lt;/span&gt; &lt;span class=&quot;m&quot;&gt;0&lt;/span&gt;&lt;span class=&quot;p&quot;&gt;;&lt;/span&gt;
  &lt;span class=&quot;nl&quot;&gt;width&lt;/span&gt;&lt;span class=&quot;p&quot;&gt;:&lt;/span&gt; &lt;span class=&quot;m&quot;&gt;100%&lt;/span&gt;&lt;span class=&quot;p&quot;&gt;;&lt;/span&gt;
&lt;span class=&quot;p&quot;&gt;}&lt;/span&gt;
&lt;/code&gt;&lt;/pre&gt;
&lt;/div&gt;

&lt;p&gt;Non Pygments code example&lt;/p&gt;

&lt;div class=&quot;highlighter-rouge&quot;&gt;&lt;pre class=&quot;highlight&quot;&gt;&lt;code&gt;&amp;lt;div id=&quot;awesome&quot;&amp;gt;
    &amp;lt;p&amp;gt;This is great isn't it?&amp;lt;/p&amp;gt;
&amp;lt;/div&amp;gt;
&lt;/code&gt;&lt;/pre&gt;
&lt;/div&gt;
</description>
				<pubDate>Mon, 15 Aug 2016 00:00:00 +0000</pubDate>
				<link>http://localhost:4000/2016-08-15/style-test/</link>
				<guid isPermaLink="true">http://localhost:4000/2016-08-15/style-test/</guid>
			</item>
		
			<item>
				<title>Syntax Highlighting Post</title>
				<description>&lt;p&gt;Syntax highlighting is a feature that displays source code, in different colors and fonts according to the category of terms. This feature facilitates writing in a structured language such as a programming language or a markup language as both structures and syntax errors are visually distinct. Highlighting does not affect the meaning of the text itself; it is intended only for human readers.&lt;sup id=&quot;fnref:1&quot;&gt;&lt;a href=&quot;#fn:1&quot; class=&quot;footnote&quot;&gt;1&lt;/a&gt;&lt;/sup&gt;&lt;/p&gt;

&lt;h3 id=&quot;highlighted-code-blocks&quot;&gt;Highlighted Code Blocks&lt;/h3&gt;

&lt;p&gt;To modify styling and highlight colors edit &lt;code class=&quot;highlighter-rouge&quot;&gt;/_sass/_highlighter.scss&lt;/code&gt;.&lt;/p&gt;

&lt;div class=&quot;language-css highlighter-rouge&quot;&gt;&lt;pre class=&quot;highlight&quot;&gt;&lt;code&gt;&lt;span class=&quot;nf&quot;&gt;#container&lt;/span&gt; &lt;span class=&quot;p&quot;&gt;{&lt;/span&gt;
    &lt;span class=&quot;nl&quot;&gt;float&lt;/span&gt;&lt;span class=&quot;p&quot;&gt;:&lt;/span&gt; &lt;span class=&quot;nb&quot;&gt;left&lt;/span&gt;&lt;span class=&quot;p&quot;&gt;;&lt;/span&gt;
    &lt;span class=&quot;nl&quot;&gt;margin&lt;/span&gt;&lt;span class=&quot;p&quot;&gt;:&lt;/span&gt; &lt;span class=&quot;m&quot;&gt;0&lt;/span&gt; &lt;span class=&quot;m&quot;&gt;-240px&lt;/span&gt; &lt;span class=&quot;m&quot;&gt;0&lt;/span&gt; &lt;span class=&quot;m&quot;&gt;0&lt;/span&gt;&lt;span class=&quot;p&quot;&gt;;&lt;/span&gt;
    &lt;span class=&quot;nl&quot;&gt;width&lt;/span&gt;&lt;span class=&quot;p&quot;&gt;:&lt;/span&gt; &lt;span class=&quot;m&quot;&gt;100%&lt;/span&gt;&lt;span class=&quot;p&quot;&gt;;&lt;/span&gt;
&lt;span class=&quot;p&quot;&gt;}&lt;/span&gt;
&lt;/code&gt;&lt;/pre&gt;
&lt;/div&gt;

&lt;div class=&quot;language-html highlighter-rouge&quot;&gt;&lt;pre class=&quot;highlight&quot;&gt;&lt;code&gt;&lt;span class=&quot;nt&quot;&gt;&amp;lt;nav&lt;/span&gt; &lt;span class=&quot;na&quot;&gt;class=&lt;/span&gt;&lt;span class=&quot;s&quot;&gt;&quot;pagination&quot;&lt;/span&gt; &lt;span class=&quot;na&quot;&gt;role=&lt;/span&gt;&lt;span class=&quot;s&quot;&gt;&quot;navigation&quot;&lt;/span&gt;&lt;span class=&quot;nt&quot;&gt;&amp;gt;&lt;/span&gt;
    {% if page.previous %}
        &lt;span class=&quot;nt&quot;&gt;&amp;lt;a&lt;/span&gt; &lt;span class=&quot;na&quot;&gt;href=&lt;/span&gt;&lt;span class=&quot;s&quot;&gt;&quot;{{ site.url }}{{ page.previous.url }}&quot;&lt;/span&gt; &lt;span class=&quot;na&quot;&gt;class=&lt;/span&gt;&lt;span class=&quot;s&quot;&gt;&quot;btn&quot;&lt;/span&gt; &lt;span class=&quot;na&quot;&gt;title=&lt;/span&gt;&lt;span class=&quot;s&quot;&gt;&quot;{{ page.previous.title }}&quot;&lt;/span&gt;&lt;span class=&quot;nt&quot;&gt;&amp;gt;&lt;/span&gt;Previous article&lt;span class=&quot;nt&quot;&gt;&amp;lt;/a&amp;gt;&lt;/span&gt;
    {% endif %}
    {% if page.next %}
        &lt;span class=&quot;nt&quot;&gt;&amp;lt;a&lt;/span&gt; &lt;span class=&quot;na&quot;&gt;href=&lt;/span&gt;&lt;span class=&quot;s&quot;&gt;&quot;{{ site.url }}{{ page.next.url }}&quot;&lt;/span&gt; &lt;span class=&quot;na&quot;&gt;class=&lt;/span&gt;&lt;span class=&quot;s&quot;&gt;&quot;btn&quot;&lt;/span&gt; &lt;span class=&quot;na&quot;&gt;title=&lt;/span&gt;&lt;span class=&quot;s&quot;&gt;&quot;{{ page.next.title }}&quot;&lt;/span&gt;&lt;span class=&quot;nt&quot;&gt;&amp;gt;&lt;/span&gt;Next article&lt;span class=&quot;nt&quot;&gt;&amp;lt;/a&amp;gt;&lt;/span&gt;
    {% endif %}
&lt;span class=&quot;nt&quot;&gt;&amp;lt;/nav&amp;gt;&lt;/span&gt;&lt;span class=&quot;c&quot;&gt;&amp;lt;!-- /.pagination --&amp;gt;&lt;/span&gt;
&lt;/code&gt;&lt;/pre&gt;
&lt;/div&gt;

&lt;div class=&quot;language-ruby highlighter-rouge&quot;&gt;&lt;pre class=&quot;highlight&quot;&gt;&lt;code&gt;&lt;span class=&quot;k&quot;&gt;module&lt;/span&gt; &lt;span class=&quot;nn&quot;&gt;Jekyll&lt;/span&gt;
  &lt;span class=&quot;k&quot;&gt;class&lt;/span&gt; &lt;span class=&quot;nc&quot;&gt;TagIndex&lt;/span&gt; &lt;span class=&quot;o&quot;&gt;&amp;lt;&lt;/span&gt; &lt;span class=&quot;no&quot;&gt;Page&lt;/span&gt;
    &lt;span class=&quot;k&quot;&gt;def&lt;/span&gt; &lt;span class=&quot;nf&quot;&gt;initialize&lt;/span&gt;&lt;span class=&quot;p&quot;&gt;(&lt;/span&gt;&lt;span class=&quot;n&quot;&gt;site&lt;/span&gt;&lt;span class=&quot;p&quot;&gt;,&lt;/span&gt; &lt;span class=&quot;n&quot;&gt;base&lt;/span&gt;&lt;span class=&quot;p&quot;&gt;,&lt;/span&gt; &lt;span class=&quot;n&quot;&gt;dir&lt;/span&gt;&lt;span class=&quot;p&quot;&gt;,&lt;/span&gt; &lt;span class=&quot;n&quot;&gt;tag&lt;/span&gt;&lt;span class=&quot;p&quot;&gt;)&lt;/span&gt;
      &lt;span class=&quot;vi&quot;&gt;@site&lt;/span&gt; &lt;span class=&quot;o&quot;&gt;=&lt;/span&gt; &lt;span class=&quot;n&quot;&gt;site&lt;/span&gt;
      &lt;span class=&quot;vi&quot;&gt;@base&lt;/span&gt; &lt;span class=&quot;o&quot;&gt;=&lt;/span&gt; &lt;span class=&quot;n&quot;&gt;base&lt;/span&gt;
      &lt;span class=&quot;vi&quot;&gt;@dir&lt;/span&gt; &lt;span class=&quot;o&quot;&gt;=&lt;/span&gt; &lt;span class=&quot;n&quot;&gt;dir&lt;/span&gt;
      &lt;span class=&quot;vi&quot;&gt;@name&lt;/span&gt; &lt;span class=&quot;o&quot;&gt;=&lt;/span&gt; &lt;span class=&quot;s1&quot;&gt;'index.html'&lt;/span&gt;
      &lt;span class=&quot;nb&quot;&gt;self&lt;/span&gt;&lt;span class=&quot;p&quot;&gt;.&lt;/span&gt;&lt;span class=&quot;nf&quot;&gt;process&lt;/span&gt;&lt;span class=&quot;p&quot;&gt;(&lt;/span&gt;&lt;span class=&quot;vi&quot;&gt;@name&lt;/span&gt;&lt;span class=&quot;p&quot;&gt;)&lt;/span&gt;
      &lt;span class=&quot;nb&quot;&gt;self&lt;/span&gt;&lt;span class=&quot;p&quot;&gt;.&lt;/span&gt;&lt;span class=&quot;nf&quot;&gt;read_yaml&lt;/span&gt;&lt;span class=&quot;p&quot;&gt;(&lt;/span&gt;&lt;span class=&quot;no&quot;&gt;File&lt;/span&gt;&lt;span class=&quot;p&quot;&gt;.&lt;/span&gt;&lt;span class=&quot;nf&quot;&gt;join&lt;/span&gt;&lt;span class=&quot;p&quot;&gt;(&lt;/span&gt;&lt;span class=&quot;n&quot;&gt;base&lt;/span&gt;&lt;span class=&quot;p&quot;&gt;,&lt;/span&gt; &lt;span class=&quot;s1&quot;&gt;'_layouts'&lt;/span&gt;&lt;span class=&quot;p&quot;&gt;),&lt;/span&gt; &lt;span class=&quot;s1&quot;&gt;'tag_index.html'&lt;/span&gt;&lt;span class=&quot;p&quot;&gt;)&lt;/span&gt;
      &lt;span class=&quot;nb&quot;&gt;self&lt;/span&gt;&lt;span class=&quot;p&quot;&gt;.&lt;/span&gt;&lt;span class=&quot;nf&quot;&gt;data&lt;/span&gt;&lt;span class=&quot;p&quot;&gt;[&lt;/span&gt;&lt;span class=&quot;s1&quot;&gt;'tag'&lt;/span&gt;&lt;span class=&quot;p&quot;&gt;]&lt;/span&gt; &lt;span class=&quot;o&quot;&gt;=&lt;/span&gt; &lt;span class=&quot;n&quot;&gt;tag&lt;/span&gt;
      &lt;span class=&quot;n&quot;&gt;tag_title_prefix&lt;/span&gt; &lt;span class=&quot;o&quot;&gt;=&lt;/span&gt; &lt;span class=&quot;n&quot;&gt;site&lt;/span&gt;&lt;span class=&quot;p&quot;&gt;.&lt;/span&gt;&lt;span class=&quot;nf&quot;&gt;config&lt;/span&gt;&lt;span class=&quot;p&quot;&gt;[&lt;/span&gt;&lt;span class=&quot;s1&quot;&gt;'tag_title_prefix'&lt;/span&gt;&lt;span class=&quot;p&quot;&gt;]&lt;/span&gt; &lt;span class=&quot;o&quot;&gt;||&lt;/span&gt; &lt;span class=&quot;s1&quot;&gt;'Tagged: '&lt;/span&gt;
      &lt;span class=&quot;n&quot;&gt;tag_title_suffix&lt;/span&gt; &lt;span class=&quot;o&quot;&gt;=&lt;/span&gt; &lt;span class=&quot;n&quot;&gt;site&lt;/span&gt;&lt;span class=&quot;p&quot;&gt;.&lt;/span&gt;&lt;span class=&quot;nf&quot;&gt;config&lt;/span&gt;&lt;span class=&quot;p&quot;&gt;[&lt;/span&gt;&lt;span class=&quot;s1&quot;&gt;'tag_title_suffix'&lt;/span&gt;&lt;span class=&quot;p&quot;&gt;]&lt;/span&gt; &lt;span class=&quot;o&quot;&gt;||&lt;/span&gt; &lt;span class=&quot;s1&quot;&gt;'&amp;amp;#8211;'&lt;/span&gt;
      &lt;span class=&quot;nb&quot;&gt;self&lt;/span&gt;&lt;span class=&quot;p&quot;&gt;.&lt;/span&gt;&lt;span class=&quot;nf&quot;&gt;data&lt;/span&gt;&lt;span class=&quot;p&quot;&gt;[&lt;/span&gt;&lt;span class=&quot;s1&quot;&gt;'title'&lt;/span&gt;&lt;span class=&quot;p&quot;&gt;]&lt;/span&gt; &lt;span class=&quot;o&quot;&gt;=&lt;/span&gt; &lt;span class=&quot;s2&quot;&gt;&quot;&lt;/span&gt;&lt;span class=&quot;si&quot;&gt;#{&lt;/span&gt;&lt;span class=&quot;n&quot;&gt;tag_title_prefix&lt;/span&gt;&lt;span class=&quot;si&quot;&gt;}#{&lt;/span&gt;&lt;span class=&quot;n&quot;&gt;tag&lt;/span&gt;&lt;span class=&quot;si&quot;&gt;}&lt;/span&gt;&lt;span class=&quot;s2&quot;&gt;&quot;&lt;/span&gt;
      &lt;span class=&quot;nb&quot;&gt;self&lt;/span&gt;&lt;span class=&quot;p&quot;&gt;.&lt;/span&gt;&lt;span class=&quot;nf&quot;&gt;data&lt;/span&gt;&lt;span class=&quot;p&quot;&gt;[&lt;/span&gt;&lt;span class=&quot;s1&quot;&gt;'description'&lt;/span&gt;&lt;span class=&quot;p&quot;&gt;]&lt;/span&gt; &lt;span class=&quot;o&quot;&gt;=&lt;/span&gt; &lt;span class=&quot;s2&quot;&gt;&quot;An archive of posts tagged &lt;/span&gt;&lt;span class=&quot;si&quot;&gt;#{&lt;/span&gt;&lt;span class=&quot;n&quot;&gt;tag&lt;/span&gt;&lt;span class=&quot;si&quot;&gt;}&lt;/span&gt;&lt;span class=&quot;s2&quot;&gt;.&quot;&lt;/span&gt;
    &lt;span class=&quot;k&quot;&gt;end&lt;/span&gt;
  &lt;span class=&quot;k&quot;&gt;end&lt;/span&gt;
&lt;span class=&quot;k&quot;&gt;end&lt;/span&gt;
&lt;/code&gt;&lt;/pre&gt;
&lt;/div&gt;

&lt;h3 id=&quot;standard-code-block&quot;&gt;Standard Code Block&lt;/h3&gt;

&lt;div class=&quot;highlighter-rouge&quot;&gt;&lt;pre class=&quot;highlight&quot;&gt;&lt;code&gt;&amp;lt;nav class=&quot;pagination&quot; role=&quot;navigation&quot;&amp;gt;
    {% if page.previous %}
        &amp;lt;a href=&quot;{{ site.url }}{{ page.previous.url }}&quot; class=&quot;btn&quot; title=&quot;{{ page.previous.title }}&quot;&amp;gt;Previous article&amp;lt;/a&amp;gt;
    {% endif %}
    {% if page.next %}
        &amp;lt;a href=&quot;{{ site.url }}{{ page.next.url }}&quot; class=&quot;btn&quot; title=&quot;{{ page.next.title }}&quot;&amp;gt;Next article&amp;lt;/a&amp;gt;
    {% endif %}
&amp;lt;/nav&amp;gt;&amp;lt;!-- /.pagination --&amp;gt;
&lt;/code&gt;&lt;/pre&gt;
&lt;/div&gt;

&lt;h3 id=&quot;github-gist-embed&quot;&gt;GitHub Gist Embed&lt;/h3&gt;

&lt;p&gt;An example of a Gist embed below.&lt;/p&gt;

&lt;script src=&quot;https://gist.github.com/mmistakes/43a355923921d22cd993.js&quot;&gt;&lt;/script&gt;

&lt;div class=&quot;footnotes&quot;&gt;
  &lt;ol&gt;
    &lt;li id=&quot;fn:1&quot;&gt;
      &lt;p&gt;&lt;a href=&quot;http://en.wikipedia.org/wiki/Syntax_highlighting&quot;&gt;http://en.wikipedia.org/wiki/Syntax_highlighting&lt;/a&gt; &lt;a href=&quot;#fnref:1&quot; class=&quot;reversefootnote&quot;&gt;&amp;#8617;&lt;/a&gt;&lt;/p&gt;
    &lt;/li&gt;
  &lt;/ol&gt;
&lt;/div&gt;
</description>
				<pubDate>Fri, 16 Aug 2013 00:00:00 +0000</pubDate>
				<link>http://localhost:4000/2013-08-16/code-highlighting-post/</link>
				<guid isPermaLink="true">http://localhost:4000/2013-08-16/code-highlighting-post/</guid>
			</item>
		
			<item>
				<title>Sample Link Post</title>
				<description>
</description>
				<pubDate>Mon, 12 Aug 2013 00:00:00 +0000</pubDate>
				<link>http://localhost:4000/2013-08-12/sample-link-post/</link>
				<guid isPermaLink="true">http://localhost:4000/2013-08-12/sample-link-post/</guid>
			</item>
		
			<item>
				<title>Testing Readability with a Bunch of Text</title>
				<description>&lt;p&gt;Portland in shoreditch Vice, labore typewriter pariatur hoodie fap sartorial Austin. Pinterest literally occupy Schlitz forage. Odio ad blue bottle vinyl, 90’s narwhal commodo bitters pour-over nostrud. Ugh est hashtag in, fingerstache adipisicing laboris esse Pinterest shabby chic Portland. Shoreditch bicycle rights anim, flexitarian laboris put a bird on it vinyl cupidatat narwhal. Hashtag artisan skateboard, flannel Bushwick nesciunt salvia aute fixie do plaid post-ironic dolor McSweeney’s. Cliche pour-over chambray nulla four loko skateboard sapiente hashtag.&lt;/p&gt;

&lt;p&gt;Vero laborum commodo occupy. Semiotics voluptate mumblecore pug. Cosby sweater ullamco quinoa ennui assumenda, sapiente occupy delectus lo-fi. Ea fashion axe Marfa cillum aliquip. Retro Bushwick keytar cliche. Before they sold out sustainable gastropub Marfa readymade, ethical Williamsburg skateboard brunch qui consectetur gentrify semiotics. Mustache cillum irony, fingerstache magna pour-over keffiyeh tousled selfies.&lt;/p&gt;

&lt;h2 id=&quot;cupidatat-90s-lo-fi-authentic-try-hard&quot;&gt;Cupidatat 90’s lo-fi authentic try-hard&lt;/h2&gt;

&lt;p&gt;In pug Portland incididunt mlkshk put a bird on it vinyl quinoa. Terry Richardson shabby chic +1, scenester Tonx excepteur tempor fugiat voluptate fingerstache aliquip nisi next level. Farm-to-table hashtag Truffaut, Odd Future ex meggings gentrify single-origin coffee try-hard 90’s.&lt;/p&gt;

&lt;ul&gt;
  &lt;li&gt;Sartorial hoodie&lt;/li&gt;
  &lt;li&gt;Labore viral forage&lt;/li&gt;
  &lt;li&gt;Tote bag selvage&lt;/li&gt;
  &lt;li&gt;DIY exercitation et id ugh tumblr church-key&lt;/li&gt;
&lt;/ul&gt;

&lt;p&gt;Incididunt umami sriracha, ethical fugiat VHS ex assumenda yr irure direct trade. Marfa Truffaut bicycle rights, kitsch placeat Etsy kogi asymmetrical. Beard locavore flexitarian, kitsch photo booth hoodie plaid ethical readymade leggings yr.&lt;/p&gt;

&lt;p&gt;Aesthetic odio dolore, meggings disrupt qui readymade stumptown brunch Terry Richardson pour-over gluten-free. Banksy american apparel in selfies, biodiesel flexitarian organic meh wolf quinoa gentrify banjo kogi. Readymade tofu ex, scenester dolor umami fingerstache occaecat fashion axe Carles jean shorts minim. Keffiyeh fashion axe nisi Godard mlkshk dolore. Lomo you probably haven’t heard of them eu non, Odd Future Truffaut pug keytar meggings McSweeney’s Pinterest cred. Etsy literally aute esse, eu bicycle rights qui meggings fanny pack. Gentrify leggings pug flannel duis.&lt;/p&gt;

&lt;h2 id=&quot;forage-occaecat-cardigan-qui&quot;&gt;Forage occaecat cardigan qui&lt;/h2&gt;

&lt;p&gt;Fashion axe hella gastropub lo-fi kogi 90’s aliquip +1 veniam delectus tousled. Cred sriracha locavore gastropub kale chips, iPhone mollit sartorial. Anim dolore 8-bit, pork belly dolor photo booth aute flannel small batch. Dolor disrupt ennui, tattooed whatever salvia Banksy sartorial roof party selfies raw denim sint meh pour-over. Ennui eu cardigan sint, gentrify iPhone cornhole.&lt;/p&gt;

&lt;blockquote&gt;
  &lt;p&gt;Whatever velit occaecat quis deserunt gastropub, leggings elit tousled roof party 3 wolf moon kogi pug blue bottle ea. Fashion axe shabby chic Austin quinoa pickled laborum bitters next level, disrupt deep v accusamus non fingerstache.&lt;/p&gt;
&lt;/blockquote&gt;

&lt;p&gt;Tote bag asymmetrical elit sunt. Occaecat authentic Marfa, hella McSweeney’s next level irure veniam master cleanse. Sed hoodie letterpress artisan wolf leggings, 3 wolf moon commodo ullamco. Anim occupy ea labore Terry Richardson. Tofu ex master cleanse in whatever pitchfork banh mi, occupy fugiat fanny pack Austin authentic. Magna fugiat 3 wolf moon, labore McSweeney’s sustainable vero consectetur. Gluten-free disrupt enim, aesthetic fugiat jean shorts trust fund keffiyeh magna try-hard.&lt;/p&gt;

&lt;h2 id=&quot;hoodie-duis&quot;&gt;Hoodie Duis&lt;/h2&gt;

&lt;p&gt;Actually salvia consectetur, hoodie duis lomo YOLO sunt sriracha. Aute pop-up brunch farm-to-table odio, salvia irure occaecat. Sriracha small batch literally skateboard. Echo Park nihil hoodie, aliquip forage artisan laboris. Trust fund reprehenderit nulla locavore. Stumptown raw denim kitsch, keffiyeh nulla twee dreamcatcher fanny pack ullamco 90’s pop-up est culpa farm-to-table. Selfies 8-bit do pug odio.&lt;/p&gt;

&lt;h3 id=&quot;thundercats-ho&quot;&gt;Thundercats Ho!&lt;/h3&gt;

&lt;p&gt;Fingerstache thundercats Williamsburg, deep v scenester Banksy ennui vinyl selfies mollit biodiesel duis odio pop-up. Banksy 3 wolf moon try-hard, sapiente enim stumptown deep v ad letterpress. Squid beard brunch, exercitation raw denim yr sint direct trade. Raw denim narwhal id, flannel DIY McSweeney’s seitan. Letterpress artisan bespoke accusamus, meggings laboris consequat Truffaut qui in seitan. Sustainable cornhole Schlitz, twee Cosby sweater banh mi deep v forage letterpress flannel whatever keffiyeh. Sartorial cred irure, semiotics ethical sed blue bottle nihil letterpress.&lt;/p&gt;

&lt;p&gt;Occupy et selvage squid, pug brunch blog nesciunt hashtag mumblecore skateboard yr kogi. Ugh small batch swag four loko. Fap post-ironic qui tote bag farm-to-table american apparel scenester keffiyeh vero, swag non pour-over gentrify authentic pitchfork. Schlitz scenester lo-fi voluptate, tote bag irony bicycle rights pariatur vero Vice freegan wayfarers exercitation nisi shoreditch. Chambray tofu vero sed. Street art swag literally leggings, Cosby sweater mixtape PBR lomo Banksy non in pitchfork ennui McSweeney’s selfies. Odd Future Banksy non authentic.&lt;/p&gt;

&lt;p&gt;Aliquip enim artisan dolor post-ironic. Pug tote bag Marfa, deserunt pour-over Portland wolf eu odio intelligentsia american apparel ugh ea. Sunt viral et, 3 wolf moon gastropub pug id. Id fashion axe est typewriter, mlkshk Portland art party aute brunch. Sint pork belly Cosby sweater, deep v mumblecore kitsch american apparel. Try-hard direct trade tumblr sint skateboard. Adipisicing bitters excepteur biodiesel, pickled gastropub aute veniam.&lt;/p&gt;
</description>
				<pubDate>Tue, 22 May 2012 00:00:00 +0000</pubDate>
				<link>http://localhost:4000/2012-05-22/readability-post/</link>
				<guid isPermaLink="true">http://localhost:4000/2012-05-22/readability-post/</guid>
			</item>
		
	</channel>
</rss>
